INFO_ID,USE_CASE,RESULT
,CA_ITIN_LTV3_0-20_None_None,{'line5_ltv_max': 129}
,CA_ITIN_LTV3_0-20_None_<600,{'line5_ltv_max': 129}
,CA_ITIN_LTV3_0-20_None_PaidAuto,{'line5_ltv_max': 134}
,CA_ITIN_LTV3_0-20_None_PaidAuto_600,{'line5_ltv_max': 135}
,CA_ITIN_LTV3_0-20_None_600,{'line5_ltv_max': 128}
,CA_ITIN_LTV3_0-20_None_AB_700LTB_PaidAuto,{'line5_ltv_max': 135}
,CA_ITIN_LTV3_0-20_None_B_700_PaidAuto,{'line5_ltv_max': 135}
,CA_ITIN_LTV3_0-20_None_A_700LTB,{'line5_ltv_max': 135}
,CA_ITIN_LTV3_0-20_None_C_700STB,{'line5_ltv_max': 131}
,CA_ITIN_LTV3_0-20_None_D_700,{'line5_ltv_max': 133}
,CA_ITIN_LTV3_20.01-30_None_None,{'line5_ltv_max': 129}
,CA_ITIN_LTV3_20.01-30_None_<600,{'line5_ltv_max': 129}
,CA_ITIN_LTV3_20.01-30_None_PaidAuto,{'line5_ltv_max': 134}
,CA_ITIN_LTV3_20.01-30_None_PaidAuto_600,{'line5_ltv_max': 135}
,CA_ITIN_LTV3_20.01-30_None_600,{'line5_ltv_max': 128}
,CA_ITIN_LTV3_20.01-30_None_AB_700LTB_PaidAuto,{'line5_ltv_max': 135}
,CA_ITIN_LTV3_20.01-30_None_B_700_PaidAuto,{'line5_ltv_max': 135}
,CA_ITIN_LTV3_20.01-30_None_A_700LTB,{'line5_ltv_max': 135}
,CA_ITIN_LTV3_20.01-30_None_C_700STB,{'line5_ltv_max': 131}
,CA_ITIN_LTV3_20.01-30_None_D_700,{'line5_ltv_max': 133}
,CA_ITIN_LTV3_30.01-40_None_None,{'line5_ltv_max': 129}
,CA_ITIN_LTV3_30.01-40_None_<600,{'line5_ltv_max': 129}
,CA_ITIN_LTV3_30.01-40_None_PaidAuto,{'line5_ltv_max': 134}
,CA_ITIN_LTV3_30.01-40_None_PaidAuto_600,{'line5_ltv_max': 135}
,CA_ITIN_LTV3_30.01-40_None_600,{'line5_ltv_max': 128}
,CA_ITIN_LTV3_30.01-40_None_AB_700LTB_PaidAuto,{'line5_ltv_max': 135}
,CA_ITIN_LTV3_30.01-40_None_B_700_PaidAuto,{'line5_ltv_max': 135}
,CA_ITIN_LTV3_30.01-40_None_A_700LTB,{'line5_ltv_max': 135}
,CA_ITIN_LTV3_30.01-40_None_C_700STB,{'line5_ltv_max': 131}
,CA_ITIN_LTV3_30.01-40_None_D_700,{'line5_ltv_max': 133}
,CA_ITIN_LTV3_40.01-50_None_None,{'line5_ltv_max': 129}
,CA_ITIN_LTV3_40.01-50_None_<600,{'line5_ltv_max': 129}
,CA_ITIN_LTV3_40.01-50_None_PaidAuto,{'line5_ltv_max': 134}
,CA_ITIN_LTV3_40.01-50_None_PaidAuto_600,{'line5_ltv_max': 135}
,CA_ITIN_LTV3_40.01-50_None_600,{'line5_ltv_max': 128}
,CA_ITIN_LTV3_40.01-50_None_AB_700LTB_PaidAuto,{'line5_ltv_max': 135}
,CA_ITIN_LTV3_40.01-50_None_B_700_PaidAuto,{'line5_ltv_max': 135}
,CA_ITIN_LTV3_40.01-50_None_A_700LTB,{'line5_ltv_max': 135}
,CA_ITIN_LTV3_40.01-50_None_C_700STB,{'line5_ltv_max': 131}
,CA_ITIN_LTV3_40.01-50_None_D_700,{'line5_ltv_max': 133}
,CA_ITIN_LTV3_50.01-60_None_None,{'line5_ltv_max': 129}
,CA_ITIN_LTV3_50.01-60_None_<600,{'line5_ltv_max': 129}
,CA_ITIN_LTV3_50.01-60_None_PaidAuto,{'line5_ltv_max': 134}
,CA_ITIN_LTV3_50.01-60_None_PaidAuto_600,{'line5_ltv_max': 135}
,CA_ITIN_LTV3_50.01-60_None_600,{'line5_ltv_max': 128}
,CA_ITIN_LTV3_50.01-60_None_AB_700LTB_PaidAuto,{'line5_ltv_max': 135}
,CA_ITIN_LTV3_50.01-60_None_B_700_PaidAuto,{'line5_ltv_max': 135}
,CA_ITIN_LTV3_50.01-60_None_A_700LTB,{'line5_ltv_max': 135}
,CA_ITIN_LTV3_50.01-60_None_C_700STB,{'line5_ltv_max': 131}
,CA_ITIN_LTV3_50.01-60_None_D_700,{'line5_ltv_max': 133}
,CA_ITIN_LTV3_60.01-70_None_None,{'line5_ltv_max': 129}
,CA_ITIN_LTV3_60.01-70_None_<600,{'line5_ltv_max': 129}
,CA_ITIN_LTV3_60.01-70_None_PaidAuto,{'line5_ltv_max': 134}
,CA_ITIN_LTV3_60.01-70_None_PaidAuto_600,{'line5_ltv_max': 135}
,CA_ITIN_LTV3_60.01-70_None_600,{'line5_ltv_max': 128}
,CA_ITIN_LTV3_60.01-70_None_AB_700LTB_PaidAuto,{'line5_ltv_max': 135}
,CA_ITIN_LTV3_60.01-70_None_B_700_PaidAuto,{'line5_ltv_max': 135}
,CA_ITIN_LTV3_60.01-70_None_A_700LTB,{'line5_ltv_max': 135}
,CA_ITIN_LTV3_60.01-70_None_C_700STB,{'line5_ltv_max': 131}
,CA_ITIN_LTV3_60.01-70_None_D_700,{'line5_ltv_max': 133}
,CA_ITIN_LTV3_70.01-80_None_None,{'line5_ltv_max': 129}
,CA_ITIN_LTV3_70.01-80_None_<600,{'line5_ltv_max': 129}
,CA_ITIN_LTV3_70.01-80_None_PaidAuto,{'line5_ltv_max': 134}
,CA_ITIN_LTV3_70.01-80_None_PaidAuto_600,{'line5_ltv_max': 135}
,CA_ITIN_LTV3_70.01-80_None_600,{'line5_ltv_max': 128}
,CA_ITIN_LTV3_70.01-80_None_AB_700LTB_PaidAuto,{'line5_ltv_max': 135}
,CA_ITIN_LTV3_70.01-80_None_B_700_PaidAuto,{'line5_ltv_max': 135}
,CA_ITIN_LTV3_70.01-80_None_A_700LTB,{'line5_ltv_max': 135}
,CA_ITIN_LTV3_70.01-80_None_C_700STB,{'line5_ltv_max': 131}
,CA_ITIN_LTV3_70.01-80_None_D_700,{'line5_ltv_max': 133}
,CA_ITIN_LTV3_>80.01_None_None,{'line5_ltv_max': 129}
,CA_ITIN_LTV3_>80.01_None_<600,{'line5_ltv_max': 129}
,CA_ITIN_LTV3_>80.01_None_PaidAuto,{'line5_ltv_max': 134}
,CA_ITIN_LTV3_>80.01_None_PaidAuto_600,{'line5_ltv_max': 135}
,CA_ITIN_LTV3_>80.01_None_600,{'line5_ltv_max': 128}
,CA_ITIN_LTV3_>80.01_None_AB_700LTB_PaidAuto,{'line5_ltv_max': 135}
,CA_ITIN_LTV3_>80.01_None_B_700_PaidAuto,{'line5_ltv_max': 135}
,CA_ITIN_LTV3_>80.01_None_A_700LTB,{'line5_ltv_max': 135}
,CA_ITIN_LTV3_>80.01_None_C_700STB,{'line5_ltv_max': 131}
,CA_ITIN_LTV3_>80.01_None_D_700,{'line5_ltv_max': 133}
,CA_ITIN_LTV3_0-20_Luxury_None,{'line5_ltv_max': 125}
,CA_ITIN_LTV3_0-20_Luxury_None_<600,{'line5_ltv_max': 125}
,CA_ITIN_LTV3_0-20_Luxury_PaidAuto,{'line5_ltv_max': 130}
,CA_ITIN_LTV3_0-20_Luxury_PaidAuto_600,{'line5_ltv_max': 131}
,CA_ITIN_LTV3_0-20_Luxury_600,{'line5_ltv_max': 124}
,CA_ITIN_LTV3_0-20_Luxury_AB_700LTB_PaidAuto,{'line5_ltv_max': 134}
,CA_ITIN_LTV3_0-20_Luxury_B_700_PaidAuto,{'line5_ltv_max': 134}
,CA_ITIN_LTV3_0-20_Luxury_A_700LTB,{'line5_ltv_max': 132}
,CA_ITIN_LTV3_0-20_Luxury_C_700STB,{'line5_ltv_max': 127}
,CA_ITIN_LTV3_0-20_Luxury_D_700,{'line5_ltv_max': 129}
,CA_ITIN_LTV3_20.01-30_Luxury_None,{'line5_ltv_max': 125}
,CA_ITIN_LTV3_20.01-30_Luxury_<600,{'line5_ltv_max': 125}
,CA_ITIN_LTV3_20.01-30_Luxury_PaidAuto,{'line5_ltv_max': 130}
,CA_ITIN_LTV3_20.01-30_Luxury_PaidAuto_600,{'line5_ltv_max': 131}
,CA_ITIN_LTV3_20.01-30_Luxury_600,{'line5_ltv_max': 124}
,CA_ITIN_LTV3_20.01-30_Luxury_AB_700LTB_PaidAuto,{'line5_ltv_max': 134}
,CA_ITIN_LTV3_20.01-30_Luxury_B_700_PaidAuto,{'line5_ltv_max': 134}
,CA_ITIN_LTV3_20.01-30_Luxury_A_700LTB,{'line5_ltv_max': 132}
,CA_ITIN_LTV3_20.01-30_Luxury_C_700STB,{'line5_ltv_max': 127}
,CA_ITIN_LTV3_20.01-30_Luxury_D_700,{'line5_ltv_max': 129}
,CA_ITIN_LTV3_30.01-40_Luxury_None,{'line5_ltv_max': 125}
,CA_ITIN_LTV3_30.01-40_Luxury_<600,{'line5_ltv_max': 125}
,CA_ITIN_LTV3_30.01-40_Luxury_PaidAuto,{'line5_ltv_max': 130}
,CA_ITIN_LTV3_30.01-40_Luxury_PaidAuto_600,{'line5_ltv_max': 131}
,CA_ITIN_LTV3_30.01-40_Luxury_600,{'line5_ltv_max': 124}
,CA_ITIN_LTV3_30.01-40_Luxury_AB_700LTB_PaidAuto,{'line5_ltv_max': 134}
,CA_ITIN_LTV3_30.01-40_Luxury_B_700_PaidAuto,{'line5_ltv_max': 134}
,CA_ITIN_LTV3_30.01-40_Luxury_A_700LTB,{'line5_ltv_max': 132}
,CA_ITIN_LTV3_30.01-40_Luxury_C_700STB,{'line5_ltv_max': 127}
,CA_ITIN_LTV3_30.01-40_Luxury_D_700,{'line5_ltv_max': 129}
,CA_ITIN_LTV3_40.01-50_Luxury_None,{'line5_ltv_max': 125}
,CA_ITIN_LTV3_40.01-50_Luxury_<600,{'line5_ltv_max': 125}
,CA_ITIN_LTV3_40.01-50_Luxury_PaidAuto,{'line5_ltv_max': 130}
,CA_ITIN_LTV3_40.01-50_Luxury_PaidAuto_600,{'line5_ltv_max': 131}
,CA_ITIN_LTV3_40.01-50_Luxury_600,{'line5_ltv_max': 124}
,CA_ITIN_LTV3_40.01-50_Luxury_AB_700LTB_PaidAuto,{'line5_ltv_max': 134}
,CA_ITIN_LTV3_40.01-50_Luxury_B_700_PaidAuto,{'line5_ltv_max': 134}
,CA_ITIN_LTV3_40.01-50_Luxury_A_700LTB,{'line5_ltv_max': 132}
,CA_ITIN_LTV3_40.01-50_Luxury_C_700STB,{'line5_ltv_max': 127}
,CA_ITIN_LTV3_40.01-50_Luxury_D_700,{'line5_ltv_max': 129}
,CA_ITIN_LTV3_50.01-60_Luxury_None,{'line5_ltv_max': 125}
,CA_ITIN_LTV3_50.01-60_Luxury_<600,{'line5_ltv_max': 125}
,CA_ITIN_LTV3_50.01-60_Luxury_PaidAuto,{'line5_ltv_max': 130}
,CA_ITIN_LTV3_50.01-60_Luxury_PaidAuto_600,{'line5_ltv_max': 131}
,CA_ITIN_LTV3_50.01-60_Luxury_600,{'line5_ltv_max': 124}
,CA_ITIN_LTV3_50.01-60_Luxury_AB_700LTB_PaidAuto,{'line5_ltv_max': 134}
,CA_ITIN_LTV3_50.01-60_Luxury_B_700_PaidAuto,{'line5_ltv_max': 134}
,CA_ITIN_LTV3_50.01-60_Luxury_A_700LTB,{'line5_ltv_max': 132}
,CA_ITIN_LTV3_50.01-60_Luxury_C_700STB,{'line5_ltv_max': 127}
,CA_ITIN_LTV3_50.01-60_Luxury_D_700,{'line5_ltv_max': 129}
,CA_ITIN_LTV3_60.01-70_Luxury_None,{'line5_ltv_max': 125}
,CA_ITIN_LTV3_60.01-70_Luxury_<600,{'line5_ltv_max': 125}
,CA_ITIN_LTV3_60.01-70_Luxury_PaidAuto,{'line5_ltv_max': 130}
,CA_ITIN_LTV3_60.01-70_Luxury_PaidAuto_600,{'line5_ltv_max': 131}
,CA_ITIN_LTV3_60.01-70_Luxury_600,{'line5_ltv_max': 124}
,CA_ITIN_LTV3_60.01-70_Luxury_AB_700LTB_PaidAuto,{'line5_ltv_max': 134}
,CA_ITIN_LTV3_60.01-70_Luxury_B_700_PaidAuto,{'line5_ltv_max': 134}
,CA_ITIN_LTV3_60.01-70_Luxury_A_700LTB,{'line5_ltv_max': 132}
,CA_ITIN_LTV3_60.01-70_Luxury_C_700STB,{'line5_ltv_max': 127}
,CA_ITIN_LTV3_60.01-70_Luxury_D_700,{'line5_ltv_max': 129}
,CA_ITIN_LTV3_70.01-80_Luxury_None,{'line5_ltv_max': 125}
,CA_ITIN_LTV3_70.01-80_Luxury_<600,{'line5_ltv_max': 125}
,CA_ITIN_LTV3_70.01-80_Luxury_PaidAuto,{'line5_ltv_max': 130}
,CA_ITIN_LTV3_70.01-80_Luxury_PaidAuto_600,{'line5_ltv_max': 131}
,CA_ITIN_LTV3_70.01-80_Luxury_600,{'line5_ltv_max': 124}
,CA_ITIN_LTV3_70.01-80_Luxury_AB_700LTB_PaidAuto,{'line5_ltv_max': 134}
,CA_ITIN_LTV3_70.01-80_Luxury_B_700_PaidAuto,{'line5_ltv_max': 134}
,CA_ITIN_LTV3_70.01-80_Luxury_A_700LTB,{'line5_ltv_max': 132}
,CA_ITIN_LTV3_70.01-80_Luxury_C_700STB,{'line5_ltv_max': 127}
,CA_ITIN_LTV3_70.01-80_Luxury_D_700,{'line5_ltv_max': 129}
,CA_ITIN_LTV3_>80.01_Luxury_None,{'line5_ltv_max': 125}
,CA_ITIN_LTV3_>80.01_Luxury_<600,{'line5_ltv_max': 125}
,CA_ITIN_LTV3_>80.01_Luxury_PaidAuto,{'line5_ltv_max': 130}
,CA_ITIN_LTV3_>80.01_Luxury_PaidAuto_600,{'line5_ltv_max': 131}
,CA_ITIN_LTV3_>80.01_Luxury_600,{'line5_ltv_max': 124}
,CA_ITIN_LTV3_>80.01_Luxury_AB_700LTB_PaidAuto,{'line5_ltv_max': 134}
,CA_ITIN_LTV3_>80.01_Luxury_B_700_PaidAuto,{'line5_ltv_max': 134}
,CA_ITIN_LTV3_>80.01_Luxury_A_700LTB,{'line5_ltv_max': 132}
,CA_ITIN_LTV3_>80.01_Luxury_C_700STB,{'line5_ltv_max': 127}
,CA_ITIN_LTV3_>80.01_Luxury_D_700,{'line5_ltv_max': 129}
,CA_ITIN_LTV3_20_Luxury&Mileage_None,{'line5_ltv_max': 125}
,CA_ITIN_LTV3_20_Luxury&Mileage_<600,{'line5_ltv_max': 125}
,CA_ITIN_LTV3_20_Luxury&Mileage_PaidAuto,{'line5_ltv_max': 130}
,CA_ITIN_LTV3_20_Luxury&Mileage_PaidAuto_600,{'line5_ltv_max': 131}
,CA_ITIN_LTV3_20_Luxury&Mileage_600,{'line5_ltv_max': 124}
,CA_ITIN_LTV3_20_Luxury&Mileage_AB_700LTB_PaidAuto,{'line5_ltv_max': 134}
,CA_ITIN_LTV3_20_Luxury&Mileage_B_700_PaidAuto,{'line5_ltv_max': 134}
,CA_ITIN_LTV3_20_Luxury&Mileage_A_700LTB,{'line5_ltv_max': 132}
,CA_ITIN_LTV3_20_Luxury&Mileage_C_700STB,{'line5_ltv_max': 127}
,CA_ITIN_LTV3_20_Luxury&Mileage_D_700,{'line5_ltv_max': 129}
,CA_ITIN_LTV3_20.01-30_Luxury&Mileage_None,{'line5_ltv_max': 125}
,CA_ITIN_LTV3_20.01-30_Luxury&Mileage_<600,{'line5_ltv_max': 125}
,CA_ITIN_LTV3_20.01-30_Luxury&Mileage_PaidAuto,{'line5_ltv_max': 130}
,CA_ITIN_LTV3_20.01-30_Luxury&Mileage_PaidAuto_600,{'line5_ltv_max': 131}
,CA_ITIN_LTV3_20.01-30_Luxury&Mileage_600,{'line5_ltv_max': 124}
,CA_ITIN_LTV3_20.01-30_Luxury&Mileage_AB_700LTB_PaidAuto,{'line5_ltv_max': 134}
,CA_ITIN_LTV3_20.01-30_Luxury&Mileage_B_700_PaidAuto,{'line5_ltv_max': 134}
,CA_ITIN_LTV3_20.01-30_Luxury&Mileage_A_700LTB,{'line5_ltv_max': 132}
,CA_ITIN_LTV3_20.01-30_Luxury&Mileage_C_700STB,{'line5_ltv_max': 127}
,CA_ITIN_LTV3_20.01-30_Luxury&Mileage_D_700,{'line5_ltv_max': 129}
,CA_ITIN_LTV3_30.01-40_Luxury&Mileage_None,{'line5_ltv_max': 125}
,CA_ITIN_LTV3_30.01-40_Luxury&Mileage_None_<600,{'line5_ltv_max': 125}
,CA_ITIN_LTV3_30.01-40_Luxury&Mileage_PaidAuto,{'line5_ltv_max': 130}
,CA_ITIN_LTV3_30.01-40_Luxury&Mileage_PaidAuto_600,{'line5_ltv_max': 131}
,CA_ITIN_LTV3_30.01-40_Luxury&Mileage_600,{'line5_ltv_max': 124}
,CA_ITIN_LTV3_30.01-40_Luxury&Mileage_AB_700LTB_PaidAuto,{'line5_ltv_max': 134}
,CA_ITIN_LTV3_30.01-40_Luxury&Mileage_B_700_PaidAuto,{'line5_ltv_max': 134}
,CA_ITIN_LTV3_30.01-40_Luxury&Mileage_A_700LTB,{'line5_ltv_max': 132}
,CA_ITIN_LTV3_30.01-40_Luxury&Mileage_C_700STB,{'line5_ltv_max': 127}
,CA_ITIN_LTV3_30.01-40_Luxury&Mileage_D_700,{'line5_ltv_max': 129}
,CA_ITIN_LTV3_40.01-50_Luxury&Mileage_None,{'line5_ltv_max': 125}
,CA_ITIN_LTV3_40.01-50_Luxury&Mileage_<600,{'line5_ltv_max': 125}
,CA_ITIN_LTV3_40.01-50_Luxury&Mileage_PaidAuto,{'line5_ltv_max': 130}
,CA_ITIN_LTV3_40.01-50_Luxury&Mileage_PaidAuto_600,{'line5_ltv_max': 131}
,CA_ITIN_LTV3_40.01-50_Luxury&Mileage_600,{'line5_ltv_max': 124}
,CA_ITIN_LTV3_40.01-50_Luxury&Mileage_AB_700LTB_PaidAuto,{'line5_ltv_max': 134}
,CA_ITIN_LTV3_40.01-50_Luxury&Mileage_B_700_PaidAuto,{'line5_ltv_max': 134}
,CA_ITIN_LTV3_40.01-50_Luxury&Mileage_A_700LTB,{'line5_ltv_max': 132}
,CA_ITIN_LTV3_40.01-50_Luxury&Mileage_C_700STB,{'line5_ltv_max': 127}
,CA_ITIN_LTV3_40.01-50_Luxury&Mileage_D_700,{'line5_ltv_max': 129}
,CA_ITIN_LTV3_50.01-60_Luxury&Mileage_None,{'line5_ltv_max': 125}
,CA_ITIN_LTV3_50.01-60_Luxury&Mileage_<600,{'line5_ltv_max': 125}
,CA_ITIN_LTV3_50.01-60_Luxury&Mileage_PaidAuto,{'line5_ltv_max': 130}
,CA_ITIN_LTV3_50.01-60_Luxury&Mileage_PaidAuto_600,{'line5_ltv_max': 131}
,CA_ITIN_LTV3_50.01-60_Luxury&Mileage_600,{'line5_ltv_max': 124}
,CA_ITIN_LTV3_50.01-60_Luxury&Mileage_AB_700LTB_PaidAuto,{'line5_ltv_max': 134}
,CA_ITIN_LTV3_50.01-60_Luxury&Mileage_B_700_PaidAuto,{'line5_ltv_max': 134}
,CA_ITIN_LTV3_50.01-60_Luxury&Mileage_A_700LTB,{'line5_ltv_max': 132}
,CA_ITIN_LTV3_50.01-60_Luxury&Mileage_C_700STB,{'line5_ltv_max': 127}
,CA_ITIN_LTV3_50.01-60_Luxury&Mileage_D_700,{'line5_ltv_max': 130}
,CA_ITIN_LTV3_60.01-70_Luxury&Mileage_None,{'line5_ltv_max': 125}
,CA_ITIN_LTV3_60.01-70_Luxury&Mileage_<600,{'line5_ltv_max': 125}
,CA_ITIN_LTV3_60.01-70_Luxury&Mileage_PaidAuto,{'line5_ltv_max': 131}
,CA_ITIN_LTV3_60.01-70_Luxury&Mileage_PaidAuto_600,{'line5_ltv_max': 133}
,CA_ITIN_LTV3_60.01-70_Luxury&Mileage_600,{'line5_ltv_max': 124}
,CA_ITIN_LTV3_60.01-70_Luxury&Mileage_AB_700LTB_PaidAuto,{'line5_ltv_max': 135}
,CA_ITIN_LTV3_60.01-70_Luxury&Mileage_B_700_PaidAuto,{'line5_ltv_max': 135}
,CA_ITIN_LTV3_60.01-70_Luxury&Mileage_A_700LTB,{'line5_ltv_max': 133}
,CA_ITIN_LTV3_60.01-70_Luxury&Mileage_C_700STB,{'line5_ltv_max': 127}
,CA_ITIN_LTV3_60.01-70_Luxury&Mileage_D_700,{'line5_ltv_max': 130}
,CA_ITIN_LTV3_70.01-80_Luxury&Mileage_None,{'line5_ltv_max': 125}
,CA_ITIN_LTV3_70.01-80_Luxury&Mileage_<600,{'line5_ltv_max': 125}
,CA_ITIN_LTV3_70.01-80_Luxury&Mileage_PaidAuto,{'line5_ltv_max': 131}
,CA_ITIN_LTV3_70.01-80_Luxury&Mileage_PaidAuto_600,{'line5_ltv_max': 133}
,CA_ITIN_LTV3_70.01-80_Luxury&Mileage_600,{'line5_ltv_max': 124}
,CA_ITIN_LTV3_70.01-80_Luxury&Mileage_AB_700LTB_PaidAuto,{'line5_ltv_max': 135}
,CA_ITIN_LTV3_70.01-80_Luxury&Mileage_B_700_PaidAuto,{'line5_ltv_max': 135}
,CA_ITIN_LTV3_70.01-80_Luxury&Mileage_A_700LTB,{'line5_ltv_max': 133}
,CA_ITIN_LTV3_70.01-80_Luxury&Mileage_C_700STB,{'line5_ltv_max': 127}
,CA_ITIN_LTV3_70.01-80_Luxury&Mileage_D_700,{'line5_ltv_max': 130}
,CA_ITIN_LTV3_>80.01_Luxury&Mileage_None,{'line5_ltv_max': 125}
,CA_ITIN_LTV3_>80.01_Luxury&Mileage_<600,{'line5_ltv_max': 125}
,CA_ITIN_LTV3_>80.01_Luxury&Mileage_PaidAuto,{'line5_ltv_max': 131}
,CA_ITIN_LTV3_>80.01_Luxury&Mileage_PaidAuto_600,{'line5_ltv_max': 133}
,CA_ITIN_LTV3_>80.01_Luxury&Mileage_600,{'line5_ltv_max': 124}
,CA_ITIN_LTV3_>80.01_Luxury&Mileage_AB_700LTB_PaidAuto,{'line5_ltv_max': 135}
,CA_ITIN_LTV3_>80.01_Luxury&Mileage_B_700_PaidAuto,{'line5_ltv_max': 135}
,CA_ITIN_LTV3_>80.01_Luxury&Mileage_A_700LTB,{'line5_ltv_max': 133}
,CA_ITIN_LTV3_>80.01_Luxury&Mileage_C_700STB,{'line5_ltv_max': 127}
,CA_ITIN_LTV3_>80.01_Luxury&Mileage_D_700,{'line5_ltv_max': 130}
,CA_ITIN_LTV3_0-20_SedanMileage_None,{'line5_ltv_max': 130}
,CA_ITIN_LTV3_0-20_SedanMileage_<600,{'line5_ltv_max': 130}
,CA_ITIN_LTV3_0-20_SedanMileage_PaidAuto,{'line5_ltv_max': 135}
,CA_ITIN_LTV3_0-20_SedanMileage_PaidAuto_600,{'line5_ltv_max': 135}
,CA_ITIN_LTV3_0-20_SedanMileage_600,{'line5_ltv_max': 129}
,CA_ITIN_LTV3_0-20_SedanMileage_AB_700LTB_PaidAuto,{'line5_ltv_max': 135}
,CA_ITIN_LTV3_0-20_SedanMileage_B_700_PaidAuto,{'line5_ltv_max': 135}
,CA_ITIN_LTV3_0-20_SedanMileage_A_700LTB,{'line5_ltv_max': 135}
,CA_ITIN_LTV3_0-20_SedanMileage_C_700STB,{'line5_ltv_max': 132}
,CA_ITIN_LTV3_0-20_SedanMileage_D_700,{'line5_ltv_max': 135}
,CA_ITIN_LTV3_20.01-30_SedanMileage_None,{'line5_ltv_max': 130}
,CA_ITIN_LTV3_20.01-30_SedanMileage_<600,{'line5_ltv_max': 130}
,CA_ITIN_LTV3_20.01-30_SedanMileage_PaidAuto,{'line5_ltv_max': 135}
,CA_ITIN_LTV3_20.01-30_SedanMileage_PaidAuto_600,{'line5_ltv_max': 135}
,CA_ITIN_LTV3_20.01-30_SedanMileage_600,{'line5_ltv_max': 129}
,CA_ITIN_LTV3_20.01-30_SedanMileage_AB_700LTB_PaidAuto,{'line5_ltv_max': 135}
,CA_ITIN_LTV3_20.01-30_SedanMileage_B_700_PaidAuto,{'line5_ltv_max': 135}
,CA_ITIN_LTV3_20.01-30_SedanMileage_A_700LTB,{'line5_ltv_max': 135}
,CA_ITIN_LTV3_20.01-30_SedanMileage_C_700STB,{'line5_ltv_max': 132}
,CA_ITIN_LTV3_20.01-30_SedanMileage_D_700,{'line5_ltv_max': 135}
,CA_ITIN_LTV3_30.01-40_SedanMileage_None,{'line5_ltv_max': 130}
,CA_ITIN_LTV3_30.01-40_SedanMileage_<600,{'line5_ltv_max': 130}
,CA_ITIN_LTV3_30.01-40_SedanMileage_PaidAuto,{'line5_ltv_max': 135}
,CA_ITIN_LTV3_30.01-40_SedanMileage_PaidAuto_600,{'line5_ltv_max': 135}
,CA_ITIN_LTV3_30.01-40_SedanMileage_600,{'line5_ltv_max': 129}
,CA_ITIN_LTV3_30.01-40_SedanMileage_AB_700LTB_PaidAuto,{'line5_ltv_max': 135}
,CA_ITIN_LTV3_30.01-40_SedanMileage_B_700_PaidAuto,{'line5_ltv_max': 135}
,CA_ITIN_LTV3_30.01-40_SedanMileage_A_700LTB,{'line5_ltv_max': 135}
,CA_ITIN_LTV3_30.01-40_SedanMileage_C_700STB,{'line5_ltv_max': 132}
,CA_ITIN_LTV3_30.01-40_SedanMileage_D_700,{'line5_ltv_max': 135}
,CA_ITIN_LTV3_40.01-50_SedanMileage_None,{'line5_ltv_max': 130}
,CA_ITIN_LTV3_40.01-50_SedanMileage_<600,{'line5_ltv_max': 130}
,CA_ITIN_LTV3_40.01-50_SedanMileage_PaidAuto,{'line5_ltv_max': 135}
,CA_ITIN_LTV3_40.01-50_SedanMileage_PaidAuto_600,{'line5_ltv_max': 135}
,CA_ITIN_LTV3_40.01-50_SedanMileage_600,{'line5_ltv_max': 129}
,CA_ITIN_LTV3_40.01-50_SedanMileage_AB_700LTB_PaidAuto,{'line5_ltv_max': 135}
,CA_ITIN_LTV3_40.01-50_SedanMileage_B_700_PaidAuto,{'line5_ltv_max': 135}
,CA_ITIN_LTV3_40.01-50_SedanMileage_A_700LTB,{'line5_ltv_max': 135}
,CA_ITIN_LTV3_40.01-50_SedanMileage_C_700STB,{'line5_ltv_max': 132}
,CA_ITIN_LTV3_40.01-50_SedanMileage_D_700,{'line5_ltv_max': 135}
,CA_ITIN_LTV3_50.01-60_SedanMileage_None,{'line5_ltv_max': 130}
,CA_ITIN_LTV3_50.01-60_SedanMileage_<600,{'line5_ltv_max': 130}
,CA_ITIN_LTV3_50.01-60_SedanMileage_PaidAuto,{'line5_ltv_max': 135}
,CA_ITIN_LTV3_50.01-60_SedanMileage_PaidAuto_600,{'line5_ltv_max': 135}
,CA_ITIN_LTV3_50.01-60_SedanMileage_600,{'line5_ltv_max': 129}
,CA_ITIN_LTV3_50.01-60_SedanMileage_AB_700LTB_PaidAuto,{'line5_ltv_max': 135}
,CA_ITIN_LTV3_50.01-60_SedanMileage_B_700_PaidAuto,{'line5_ltv_max': 135}
,CA_ITIN_LTV3_50.01-60_SedanMileage_A_700LTB,{'line5_ltv_max': 135}
,CA_ITIN_LTV3_50.01-60_SedanMileage_C_700STB,{'line5_ltv_max': 132}
,CA_ITIN_LTV3_50.01-60_SedanMileage_D_700,{'line5_ltv_max': 135}
,CA_ITIN_LTV3_60.01-70_SedanMileage_None,{'line5_ltv_max': 130}
,CA_ITIN_LTV3_60.01-70_SedanMileage_<600,{'line5_ltv_max': 130}
,CA_ITIN_LTV3_60.01-70_SedanMileage_PaidAuto,{'line5_ltv_max': 135}
,CA_ITIN_LTV3_60.01-70_SedanMileage_PaidAuto_600,{'line5_ltv_max': 135}
,CA_ITIN_LTV3_60.01-70_SedanMileage_600,{'line5_ltv_max': 129}
,CA_ITIN_LTV3_60.01-70_SedanMileage_AB_700LTB_PaidAuto,{'line5_ltv_max': 135}
,CA_ITIN_LTV3_60.01-70_SedanMileage_B_700_PaidAuto,{'line5_ltv_max': 135}
,CA_ITIN_LTV3_60.01-70_SedanMileage_A_700LTB,{'line5_ltv_max': 135}
,CA_ITIN_LTV3_60.01-70_SedanMileage_C_700STB,{'line5_ltv_max': 132}
,CA_ITIN_LTV3_60.01-70_SedanMileage_D_700,{'line5_ltv_max': 135}
,CA_ITIN_LTV3_70.01-80_SedanMileage_None,{'line5_ltv_max': 130}
,CA_ITIN_LTV3_70.01-80_SedanMileage_<600,{'line5_ltv_max': 130}
,CA_ITIN_LTV3_70.01-80_SedanMileage_PaidAuto,{'line5_ltv_max': 135}
,CA_ITIN_LTV3_70.01-80_SedanMileage_PaidAuto_600,{'line5_ltv_max': 135}
,CA_ITIN_LTV3_70.01-80_SedanMileage_600,{'line5_ltv_max': 129}
,CA_ITIN_LTV3_70.01-80_SedanMileage_AB_700LTB_PaidAuto,{'line5_ltv_max': 135}
,CA_ITIN_LTV3_70.01-80_SedanMileage_B_700_PaidAuto,{'line5_ltv_max': 135}
,CA_ITIN_LTV3_70.01-80_SedanMileage_A_700LTB,{'line5_ltv_max': 135}
,CA_ITIN_LTV3_70.01-80_SedanMileage_C_700STB,{'line5_ltv_max': 132}
,CA_ITIN_LTV3_70.01-80_SedanMileage_D_700,{'line5_ltv_max': 135}
,CA_ITIN_LTV3_>80.01_SedanMileage_None,{'line5_ltv_max': 130}
,CA_ITIN_LTV3_>80.01_SedanMileage_<600,{'line5_ltv_max': 130}
,CA_ITIN_LTV3_>80.01_SedanMileage_PaidAuto,{'line5_ltv_max': 135}
,CA_ITIN_LTV3_>80.01_SedanMileage_PaidAuto_600,{'line5_ltv_max': 135}
,CA_ITIN_LTV3_>80.01_SedanMileage_600,{'line5_ltv_max': 129}
,CA_ITIN_LTV3_>80.01_SedanMileage_AB_700LTB_PaidAuto,{'line5_ltv_max': 135}
,CA_ITIN_LTV3_>80.01_SedanMileage_B_700_PaidAuto,{'line5_ltv_max': 135}
,CA_ITIN_LTV3_>80.01_SedanMileage_A_700LTB,{'line5_ltv_max': 135}
,CA_ITIN_LTV3_>80.01_SedanMileage_C_700STB,{'line5_ltv_max': 132}
,CA_ITIN_LTV3_>80.01_SedanMileage_D_700,{'line5_ltv_max': 135}
,CA_ITIN_LTV3_0-20_TruckMileage_None,{'line5_ltv_max': 130}
,CA_ITIN_LTV3_0-20_TruckMileage_<600,{'line5_ltv_max': 130}
,CA_ITIN_LTV3_0-20_TruckMileage_PaidAuto,{'line5_ltv_max': 135}
,CA_ITIN_LTV3_0-20_TruckMileage_PaidAuto_600,{'line5_ltv_max': 135}
,CA_ITIN_LTV3_0-20_TruckMileage_600,{'line5_ltv_max': 129}
,CA_ITIN_LTV3_0-20_TruckMileage_AB_700LTB_PaidAuto,{'line5_ltv_max': 135}
,CA_ITIN_LTV3_0-20_TruckMileage_B_700_PaidAuto,{'line5_ltv_max': 135}
,CA_ITIN_LTV3_0-20_TruckMileage_A_700LTB,{'line5_ltv_max': 135}
,CA_ITIN_LTV3_0-20_TruckMileage_C_700STB,{'line5_ltv_max': 132}
,CA_ITIN_LTV3_0-20_TruckMileage_D_700,{'line5_ltv_max': 135}
,CA_ITIN_LTV3_20.01-30_TruckMileage_None,{'line5_ltv_max': 130}
,CA_ITIN_LTV3_20.01-30_TruckMileage_<600,{'line5_ltv_max': 130}
,CA_ITIN_LTV3_20.01-30_TruckMileage_PaidAuto,{'line5_ltv_max': 135}
,CA_ITIN_LTV3_20.01-30_TruckMileage_PaidAuto_600,{'line5_ltv_max': 135}
,CA_ITIN_LTV3_20.01-30_TruckMileage_600,{'line5_ltv_max': 129}
,CA_ITIN_LTV3_20.01-30_TruckMileage_AB_700LTB_PaidAuto,{'line5_ltv_max': 135}
,CA_ITIN_LTV3_20.01-30_TruckMileage_B_700_PaidAuto,{'line5_ltv_max': 135}
,CA_ITIN_LTV3_20.01-30_TruckMileage_A_700LTB,{'line5_ltv_max': 135}
,CA_ITIN_LTV3_20.01-30_TruckMileage_C_700STB,{'line5_ltv_max': 132}
,CA_ITIN_LTV3_20.01-30_TruckMileage_D_700,{'line5_ltv_max': 135}
,CA_ITIN_LTV3_30.01-40_TruckMileage_None,{'line5_ltv_max': 130}
,CA_ITIN_LTV3_30.01-40_TruckMileage_<600,{'line5_ltv_max': 130}
,CA_ITIN_LTV3_30.01-40_TruckMileage_PaidAuto,{'line5_ltv_max': 135}
,CA_ITIN_LTV3_30.01-40_TruckMileage_PaidAuto_600,{'line5_ltv_max': 135}
,CA_ITIN_LTV3_30.01-40_TruckMileage_600,{'line5_ltv_max': 129}
,CA_ITIN_LTV3_30.01-40_TruckMileage_AB_700LTB_PaidAuto,{'line5_ltv_max': 135}
,CA_ITIN_LTV3_30.01-40_TruckMileage_B_700_PaidAuto,{'line5_ltv_max': 135}
,CA_ITIN_LTV3_30.01-40_TruckMileage_A_700LTB,{'line5_ltv_max': 135}
,CA_ITIN_LTV3_30.01-40_TruckMileage_C_700STB,{'line5_ltv_max': 132}
,CA_ITIN_LTV3_30.01-40_TruckMileage_D_700,{'line5_ltv_max': 135}
,CA_ITIN_LTV3_40.01-50_TruckMileage_None,{'line5_ltv_max': 130}
,CA_ITIN_LTV3_40.01-50_TruckMileage_<600,{'line5_ltv_max': 130}
,CA_ITIN_LTV3_40.01-50_TruckMileage_PaidAuto,{'line5_ltv_max': 135}
,CA_ITIN_LTV3_40.01-50_TruckMileage_PaidAuto_600,{'line5_ltv_max': 135}
,CA_ITIN_LTV3_40.01-50_TruckMileage_600,{'line5_ltv_max': 129}
,CA_ITIN_LTV3_40.01-50_TruckMileage_AB_700LTB_PaidAuto,{'line5_ltv_max': 135}
,CA_ITIN_LTV3_40.01-50_TruckMileage_B_700_PaidAuto,{'line5_ltv_max': 135}
,CA_ITIN_LTV3_40.01-50_TruckMileage_A_700LTB,{'line5_ltv_max': 135}
,CA_ITIN_LTV3_40.01-50_TruckMileage_C_700STB,{'line5_ltv_max': 132}
,CA_ITIN_LTV3_40.01-50_TruckMileage_D_700,{'line5_ltv_max': 135}
,CA_ITIN_LTV3_50.01-60_TruckMileage_None,{'line5_ltv_max': 130}
,CA_ITIN_LTV3_50.01-60_TruckMileage_<600,{'line5_ltv_max': 130}
,CA_ITIN_LTV3_50.01-60_TruckMileage_PaidAuto,{'line5_ltv_max': 135}
,CA_ITIN_LTV3_50.01-60_TruckMileage_PaidAuto_600,{'line5_ltv_max': 135}
,CA_ITIN_LTV3_50.01-60_TruckMileage_600,{'line5_ltv_max': 129}
,CA_ITIN_LTV3_50.01-60_TruckMileage_AB_700LTB_PaidAuto,{'line5_ltv_max': 135}
,CA_ITIN_LTV3_50.01-60_TruckMileage_B_700_PaidAuto,{'line5_ltv_max': 135}
,CA_ITIN_LTV3_50.01-60_TruckMileage_A_700LTB,{'line5_ltv_max': 135}
,CA_ITIN_LTV3_50.01-60_TruckMileage_C_700STB,{'line5_ltv_max': 132}
,CA_ITIN_LTV3_50.01-60_TruckMileage_D_700,{'line5_ltv_max': 135}
,CA_ITIN_LTV3_60.01-70_TruckMileage_None,{'line5_ltv_max': 130}
,CA_ITIN_LTV3_60.01-70_TruckMileage_<600,{'line5_ltv_max': 130}
,CA_ITIN_LTV3_60.01-70_TruckMileage_PaidAuto,{'line5_ltv_max': 135}
,CA_ITIN_LTV3_60.01-70_TruckMileage_PaidAuto_600,{'line5_ltv_max': 135}
,CA_ITIN_LTV3_60.01-70_TruckMileage_600,{'line5_ltv_max': 129}
,CA_ITIN_LTV3_60.01-70_TruckMileage_AB_700LTB_PaidAuto,{'line5_ltv_max': 135}
,CA_ITIN_LTV3_60.01-70_TruckMileage_B_700_PaidAuto,{'line5_ltv_max': 135}
,CA_ITIN_LTV3_60.01-70_TruckMileage_A_700LTB,{'line5_ltv_max': 135}
,CA_ITIN_LTV3_60.01-70_TruckMileage_C_700STB,{'line5_ltv_max': 132}
,CA_ITIN_LTV3_60.01-70_TruckMileage_D_700,{'line5_ltv_max': 135}
,CA_ITIN_LTV3_70.01-80_TruckMileage_None,{'line5_ltv_max': 130}
,CA_ITIN_LTV3_70.01-80_TruckMileage_<600,{'line5_ltv_max': 130}
,CA_ITIN_LTV3_70.01-80_TruckMileage_PaidAuto,{'line5_ltv_max': 135}
,CA_ITIN_LTV3_70.01-80_TruckMileage_PaidAuto_600,{'line5_ltv_max': 135}
,CA_ITIN_LTV3_70.01-80_TruckMileage_600,{'line5_ltv_max': 129}
,CA_ITIN_LTV3_70.01-80_TruckMileage_AB_700LTB_PaidAuto,{'line5_ltv_max': 135}
,CA_ITIN_LTV3_70.01-80_TruckMileage_B_700_PaidAuto,{'line5_ltv_max': 135}
,CA_ITIN_LTV3_70.01-80_TruckMileage_A_700LTB,{'line5_ltv_max': 135}
,CA_ITIN_LTV3_70.01-80_TruckMileage_C_700STB,{'line5_ltv_max': 132}
,CA_ITIN_LTV3_70.01-80_TruckMileage_D_700,{'line5_ltv_max': 135}
,CA_ITIN_LTV3_>80.01_TruckMileage_None,{'line5_ltv_max': 130}
,CA_ITIN_LTV3_>80.01_TruckMileage_<600,{'line5_ltv_max': 130}
,CA_ITIN_LTV3_>80.01_TruckMileage_PaidAuto,{'line5_ltv_max': 135}
,CA_ITIN_LTV3_>80.01_TruckMileage_PaidAuto_600,{'line5_ltv_max': 135}
,CA_ITIN_LTV3_>80.01_TruckMileage_600,{'line5_ltv_max': 129}
,CA_ITIN_LTV3_>80.01_TruckMileage_AB_700LTB_PaidAuto,{'line5_ltv_max': 135}
,CA_ITIN_LTV3_>80.01_TruckMileage_B_700_PaidAuto,{'line5_ltv_max': 135}
,CA_ITIN_LTV3_>80.01_TruckMileage_A_700LTB,{'line5_ltv_max': 135}
,CA_ITIN_LTV3_>80.01_TruckMileage_C_700STB,{'line5_ltv_max': 132}
,CA_ITIN_LTV3_>80.01_TruckMileage_D_700,{'line5_ltv_max': 135}
